{"cameraMode":{"drawMode":0,"name":"Shaded","section":"Shading Mode"},"sceneLighting":true,"audioPlay":false,"sceneViewState":{"m_AlwaysRefresh":false,"showFog":true,"showSkybox":true,"showFlares":true,"showImageEffects":true,"showParticleSystems":true,"showVisualEffectGraphs":true,"m_FxEnabled":true},"in2DMode":false,"pivot":{"x":319.8736267089844,"y":31.792308807373048,"z":268.0557556152344},"rotation":{"x":-0.031526144593954089,"y":0.1264161467552185,"z":-0.004212943837046623,"w":-0.991595447063446},"size":7.087676525115967,"orthographic":true}