{"cameraMode":{"drawMode":0,"name":"Shaded","section":"Shading Mode"},"sceneLighting":true,"audioPlay":false,"sceneViewState":{"m_AlwaysRefresh":false,"showFog":true,"showSkybox":true,"showFlares":true,"showImageEffects":true,"showParticleSystems":true,"showVisualEffectGraphs":true,"m_FxEnabled":true},"in2DMode":false,"pivot":{"x":945.0242919921875,"y":71.41626739501953,"z":440.7803955078125},"rotation":{"x":0.0011542076244950295,"y":-0.9986031651496887,"z":0.029685039073228837,"w":0.04656953737139702},"size":49.490211486816409,"orthographic":true}