{"cameraMode":{"drawMode":0,"name":"Shaded","section":"Shading Mode"},"sceneLighting":true,"audioPlay":false,"sceneViewState":{"m_AlwaysRefresh":false,"showFog":true,"showSkybox":true,"showFlares":true,"showImageEffects":true,"showParticleSystems":true,"showVisualEffectGraphs":true,"m_FxEnabled":true},"in2DMode":false,"pivot":{"x":409.6634826660156,"y":265.0155029296875,"z":43.60717010498047},"rotation":{"x":-0.09048676490783692,"y":-0.006024208851158619,"z":0.0005691605620086193,"w":-0.9959360957145691},"size":271.11016845703127,"orthographic":false}