{"cameraMode":{"drawMode":0,"name":"Shaded","section":"Shading Mode"},"sceneLighting":false,"audioPlay":false,"sceneViewState":{"m_AlwaysRefresh":false,"showFog":true,"showSkybox":false,"showFlares":true,"showImageEffects":true,"showParticleSystems":true,"showVisualEffectGraphs":true,"m_FxEnabled":true},"in2DMode":false,"pivot":{"x":1.368196964263916,"y":-0.10801112651824951,"z":1.6728298664093018},"rotation":{"x":-0.09552089869976044,"y":0.8873435258865356,"z":-0.21321089565753938,"w":-0.3975401520729065},"size":2.1222407817840578,"orthographic":false}